[{"model": "admin.logentry", "pk": 1, "fields": {"action_time": "2022-02-05T18:44:38.631Z", "user": 1, "content_type": 12, "object_id": "1", "object_repr": "завтрак", "action_flag": 1, "change_message": "[{\"added\": {}}]"}}, {"model": "admin.logentry", "pk": 2, "fields": {"action_time": "2022-02-05T18:45:04.104Z", "user": 1, "content_type": 12, "object_id": "2", "object_repr": "обед", "action_flag": 1, "change_message": "[{\"added\": {}}]"}}, {"model": "admin.logentry", "pk": 3, "fields": {"action_time": "2022-02-05T18:45:28.999Z", "user": 1, "content_type": 12, "object_id": "3", "object_repr": "полдник", "action_flag": 1, "change_message": "[{\"added\": {}}]"}}, {"model": "admin.logentry", "pk": 4, "fields": {"action_time": "2022-02-05T18:45:42.055Z", "user": 1, "content_type": 12, "object_id": "4", "object_repr": "ужин", "action_flag": 1, "change_message": "[{\"added\": {}}]"}}, {"model": "admin.logentry", "pk": 5, "fields": {"action_time": "2022-02-05T18:53:32.602Z", "user": 1, "content_type": 11, "object_id": "1", "object_repr": "Перепечи", "action_flag": 1, "change_message": "[{\"added\": {}}, {\"added\": {\"name\": \"\\u0418\\u043d\\u0433\\u0440\\u0435\\u0434\\u0438\\u0435\\u043d\\u0442\", \"object\": \"\\u0440\\u0436\\u0430\\u043d\\u0430\\u044f \\u043c\\u0443\\u043a\\u0430 - 100 \\u0433\"}}, {\"added\": {\"name\": \"\\u0418\\u043d\\u0433\\u0440\\u0435\\u0434\\u0438\\u0435\\u043d\\u0442\", \"object\": \"\\u043c\\u0443\\u043a\\u0430 - 250 \\u0433\"}}, {\"added\": {\"name\": \"\\u0418\\u043d\\u0433\\u0440\\u0435\\u0434\\u0438\\u0435\\u043d\\u0442\", \"object\": \"\\u0432\\u043e\\u0434\\u0430 - 200 \\u0433\"}}, {\"added\": {\"name\": \"\\u0418\\u043d\\u0433\\u0440\\u0435\\u0434\\u0438\\u0435\\u043d\\u0442\", \"object\": \"\\u0444\\u0430\\u0440\\u0448 (\\u0441\\u0432\\u0438\\u043d\\u0438\\u043d\\u0430 \\u0438 \\u043a\\u0443\\u0440\\u0438\\u0446\\u0430) - 300 \\u0433\"}}, {\"added\": {\"name\": \"\\u0418\\u043d\\u0433\\u0440\\u0435\\u0434\\u0438\\u0435\\u043d\\u0442\", \"object\": \"\\u044f\\u0439\\u0446\\u0430 \\u043a\\u0443\\u0440\\u0438\\u043d\\u044b\\u0435 - 200 \\u0433\"}}, {\"added\": {\"name\": \"\\u0418\\u043d\\u0433\\u0440\\u0435\\u0434\\u0438\\u0435\\u043d\\u0442\", \"object\": \"\\u0440\\u0430\\u0441\\u0442\\u0438\\u0442\\u0435\\u043b\\u044c\\u043d\\u043e\\u0435 \\u043c\\u0430\\u0441\\u043b\\u043e - 50 \\u0433\"}}, {\"added\": {\"name\": \"\\u0418\\u043d\\u0433\\u0440\\u0435\\u0434\\u0438\\u0435\\u043d\\u0442\", \"object\": \"\\u043a\\u0430\\u043f\\u0443\\u0441\\u0442\\u0430 \\u0431\\u0435\\u043b\\u043e\\u043a\\u043e\\u0447\\u0430\\u043d\\u043d\\u0430\\u044f - 200 \\u0433\"}}]"}}, {"model": "admin.logentry", "pk": 6, "fields": {"action_time": "2022-02-05T18:55:22.780Z", "user": 1, "content_type": 11, "object_id": "2", "object_repr": "Эчпочмак", "action_flag": 1, "change_message": "[{\"added\": {}}, {\"added\": {\"name\": \"\\u0418\\u043d\\u0433\\u0440\\u0435\\u0434\\u0438\\u0435\\u043d\\u0442\", \"object\": \"\\u043c\\u0443\\u043a\\u0430 - 500 \\u0433\"}}, {\"added\": {\"name\": \"\\u0418\\u043d\\u0433\\u0440\\u0435\\u0434\\u0438\\u0435\\u043d\\u0442\", \"object\": \"\\u0431\\u0430\\u0440\\u0430\\u043d\\u0438\\u043d\\u0430 - 500 \\u0433\"}}, {\"added\": {\"name\": \"\\u0418\\u043d\\u0433\\u0440\\u0435\\u0434\\u0438\\u0435\\u043d\\u0442\", \"object\": \"\\u043c\\u043e\\u043b\\u043e\\u043a\\u043e - 200 \\u0433\"}}, {\"added\": {\"name\": \"\\u0418\\u043d\\u0433\\u0440\\u0435\\u0434\\u0438\\u0435\\u043d\\u0442\", \"object\": \"\\u044f\\u0439\\u0446\\u0430 \\u043a\\u0443\\u0440\\u0438\\u043d\\u044b\\u0435 - 100 \\u0433\"}}, {\"added\": {\"name\": \"\\u0418\\u043d\\u0433\\u0440\\u0435\\u0434\\u0438\\u0435\\u043d\\u0442\", \"object\": \"\\u043b\\u0443\\u043a \\u0440\\u0435\\u043f\\u0447\\u0430\\u0442\\u044b\\u0439 - 100 \\u0433\"}}, {\"added\": {\"name\": \"\\u0418\\u043d\\u0433\\u0440\\u0435\\u0434\\u0438\\u0435\\u043d\\u0442\", \"object\": \"\\u043a\\u0430\\u0440\\u0442\\u043e\\u0444\\u0435\\u043b\\u044c - 100 \\u0433\"}}]"}}, {"model": "admin.logentry", "pk": 7, "fields": {"action_time": "2022-02-05T18:56:46.607Z", "user": 1, "content_type": 11, "object_id": "3", "object_repr": "драники", "action_flag": 1, "change_message": "[{\"added\": {}}, {\"added\": {\"name\": \"\\u0418\\u043d\\u0433\\u0440\\u0435\\u0434\\u0438\\u0435\\u043d\\u0442\", \"object\": \"\\u043a\\u0430\\u0440\\u0442\\u043e\\u0444\\u0435\\u043b\\u044c - 1000 \\u0433\"}}, {\"added\": {\"name\": \"\\u0418\\u043d\\u0433\\u0440\\u0435\\u0434\\u0438\\u0435\\u043d\\u0442\", \"object\": \"\\u043c\\u0443\\u043a\\u0430 - 150 \\u0433\"}}, {\"added\": {\"name\": \"\\u0418\\u043d\\u0433\\u0440\\u0435\\u0434\\u0438\\u0435\\u043d\\u0442\", \"object\": \"\\u044f\\u0439\\u0446\\u0430 \\u043a\\u0443\\u0440\\u0438\\u043d\\u044b\\u0435 - 200 \\u0433\"}}, {\"added\": {\"name\": \"\\u0418\\u043d\\u0433\\u0440\\u0435\\u0434\\u0438\\u0435\\u043d\\u0442\", \"object\": \"\\u043b\\u0443\\u043a \\u0440\\u0435\\u043f\\u0447\\u0430\\u0442\\u044b\\u0439 - 80 \\u0433\"}}]"}}, {"model": "admin.logentry", "pk": 8, "fields": {"action_time": "2022-02-05T18:57:14.907Z", "user": 1, "content_type": 8, "object_id": "3", "object_repr": "svetka", "action_flag": 1, "change_message": "[{\"added\": {}}]"}}, {"model": "admin.logentry", "pk": 9, "fields": {"action_time": "2022-02-05T18:58:00.231Z", "user": 1, "content_type": 8, "object_id": "4", "object_repr": "harrypotter", "action_flag": 1, "change_message": "[{\"added\": {}}]"}}, {"model": "admin.logentry", "pk": 10, "fields": {"action_time": "2022-02-05T19:00:10.419Z", "user": 1, "content_type": 11, "object_id": "4", "object_repr": "бутерброд с икрой", "action_flag": 1, "change_message": "[{\"added\": {}}, {\"added\": {\"name\": \"\\u0418\\u043d\\u0433\\u0440\\u0435\\u0434\\u0438\\u0435\\u043d\\u0442\", \"object\": \"\\u0445\\u043b\\u0435\\u0431 - 100 \\u0433\"}}, {\"added\": {\"name\": \"\\u0418\\u043d\\u0433\\u0440\\u0435\\u0434\\u0438\\u0435\\u043d\\u0442\", \"object\": \"\\u0438\\u043a\\u0440\\u0430 - 10 \\u0433\"}}, {\"added\": {\"name\": \"\\u0418\\u043d\\u0433\\u0440\\u0435\\u0434\\u0438\\u0435\\u043d\\u0442\", \"object\": \"\\u0441\\u043b\\u0438\\u0432\\u043e\\u0447\\u043d\\u043e\\u0435 \\u043c\\u0430\\u0441\\u043b\\u043e - 20 \\u0433\"}}]"}}, {"model": "admin.logentry", "pk": 11, "fields": {"action_time": "2022-02-05T19:06:25.618Z", "user": 1, "content_type": 11, "object_id": "5", "object_repr": "Борщ", "action_flag": 1, "change_message": "[{\"added\": {}}, {\"added\": {\"name\": \"\\u0418\\u043d\\u0433\\u0440\\u0435\\u0434\\u0438\\u0435\\u043d\\u0442\", \"object\": \"\\u0441\\u0432\\u0435\\u043a\\u043b\\u0430 - 300 \\u0433\"}}, {\"added\": {\"name\": \"\\u0418\\u043d\\u0433\\u0440\\u0435\\u0434\\u0438\\u0435\\u043d\\u0442\", \"object\": \"\\u043a\\u0430\\u0440\\u0442\\u043e\\u0444\\u0435\\u043b\\u044c - 300 \\u0433\"}}, {\"added\": {\"name\": \"\\u0418\\u043d\\u0433\\u0440\\u0435\\u0434\\u0438\\u0435\\u043d\\u0442\", \"object\": \"\\u043b\\u0443\\u043a \\u0440\\u0435\\u043f\\u0447\\u0430\\u0442\\u044b\\u0439 - 100 \\u0433\"}}, {\"added\": {\"name\": \"\\u0418\\u043d\\u0433\\u0440\\u0435\\u0434\\u0438\\u0435\\u043d\\u0442\", \"object\": \"\\u0433\\u043e\\u0432\\u044f\\u0434\\u0438\\u043d\\u0430 - 500 \\u0433\"}}, {\"added\": {\"name\": \"\\u0418\\u043d\\u0433\\u0440\\u0435\\u0434\\u0438\\u0435\\u043d\\u0442\", \"object\": \"\\u0432\\u043e\\u0434\\u0430 - 3000 \\u0433\"}}, {\"added\": {\"name\": \"\\u0418\\u043d\\u0433\\u0440\\u0435\\u0434\\u0438\\u0435\\u043d\\u0442\", \"object\": \"\\u043a\\u0430\\u043f\\u0443\\u0441\\u0442\\u0430 \\u0431\\u0435\\u043b\\u043e\\u043a\\u043e\\u0447\\u0430\\u043d\\u043d\\u0430\\u044f - 300 \\u0433\"}}, {\"added\": {\"name\": \"\\u0418\\u043d\\u0433\\u0440\\u0435\\u0434\\u0438\\u0435\\u043d\\u0442\", \"object\": \"\\u0442\\u043e\\u043c\\u0430\\u0442\\u043d\\u0430\\u044f \\u043f\\u0430\\u0441\\u0442\\u0430 - 50 \\u0433\"}}]"}}, {"model": "admin.logentry", "pk": 12, "fields": {"action_time": "2022-02-05T19:09:12.531Z", "user": 1, "content_type": 11, "object_id": "6", "object_repr": "Оборотное зелье", "action_flag": 1, "change_message": "[{\"added\": {}}, {\"added\": {\"name\": \"\\u0418\\u043d\\u0433\\u0440\\u0435\\u0434\\u0438\\u0435\\u043d\\u0442\", \"object\": \"\\u0432\\u043e\\u0434\\u043e\\u0440\\u043e\\u0441\\u043b\\u0438 - 200 \\u0433\"}}, {\"added\": {\"name\": \"\\u0418\\u043d\\u0433\\u0440\\u0435\\u0434\\u0438\\u0435\\u043d\\u0442\", \"object\": \"\\u0441\\u044b\\u0432\\u043e\\u0440\\u043e\\u0442\\u043a\\u0430 - 35 \\u0433\"}}, {\"added\": {\"name\": \"\\u0418\\u043d\\u0433\\u0440\\u0435\\u0434\\u0438\\u0435\\u043d\\u0442\", \"object\": \"\\u0443\\u0433\\u043e\\u0440\\u044c - 68 \\u0433\"}}, {\"added\": {\"name\": \"\\u0418\\u043d\\u0433\\u0440\\u0435\\u0434\\u0438\\u0435\\u043d\\u0442\", \"object\": \"\\u043a\\u043e\\u0437\\u043b\\u044f\\u0442\\u0438\\u043d\\u0430 \\u043c\\u043e\\u043b\\u043e\\u0434\\u0430\\u044f - 1 \\u043a\\u0433\"}}, {\"added\": {\"name\": \"\\u0418\\u043d\\u0433\\u0440\\u0435\\u0434\\u0438\\u0435\\u043d\\u0442\", \"object\": \"\\u0430\\u0433\\u0430\\u0440-\\u0430\\u0433\\u0430\\u0440 - 18 \\u0433\"}}]"}}, {"model": "admin.logentry", "pk": 13, "fields": {"action_time": "2022-02-05T19:14:00.052Z", "user": 1, "content_type": 13, "object_id": "1", "object_repr": "Follow object (1)", "action_flag": 1, "change_message": "[{\"added\": {}}]"}}, {"model": "admin.logentry", "pk": 14, "fields": {"action_time": "2022-02-05T19:14:06.378Z", "user": 1, "content_type": 13, "object_id": "2", "object_repr": "Follow object (2)", "action_flag": 1, "change_message": "[{\"added\": {}}]"}}, {"model": "admin.logentry", "pk": 15, "fields": {"action_time": "2022-02-05T19:22:29.743Z", "user": 1, "content_type": 11, "object_id": "7", "object_repr": "жаренная картошка", "action_flag": 1, "change_message": "[{\"added\": {}}, {\"added\": {\"name\": \"\\u0418\\u043d\\u0433\\u0440\\u0435\\u0434\\u0438\\u0435\\u043d\\u0442\", \"object\": \"\\u043a\\u0430\\u0440\\u0442\\u043e\\u0444\\u0435\\u043b\\u044c - 500 \\u0433\"}}, {\"added\": {\"name\": \"\\u0418\\u043d\\u0433\\u0440\\u0435\\u0434\\u0438\\u0435\\u043d\\u0442\", \"object\": \"\\u043f\\u043e\\u0434\\u0441\\u043e\\u043b\\u043d\\u0435\\u0447\\u043d\\u043e\\u0435 \\u043c\\u0430\\u0441\\u043b\\u043e - 50 \\u0433\"}}, {\"added\": {\"name\": \"\\u0418\\u043d\\u0433\\u0440\\u0435\\u0434\\u0438\\u0435\\u043d\\u0442\", \"object\": \"\\u0441\\u043e\\u043b\\u044c - 15 \\u0433\"}}]"}}, {"model": "admin.logentry", "pk": 16, "fields": {"action_time": "2022-02-06T19:11:50.752Z", "user": 1, "content_type": 11, "object_id": "5", "object_repr": "Борщ", "action_flag": 2, "change_message": "[{\"changed\": {\"fields\": [\"\\u0418\\u0437\\u043e\\u0431\\u0440\\u0430\\u0436\\u0435\\u043d\\u0438\\u0435\"]}}]"}}, {"model": "admin.logentry", "pk": 17, "fields": {"action_time": "2022-02-06T19:13:56.736Z", "user": 1, "content_type": 11, "object_id": "5", "object_repr": "Борщ", "action_flag": 2, "change_message": "[{\"changed\": {\"fields\": [\"\\u0418\\u0437\\u043e\\u0431\\u0440\\u0430\\u0436\\u0435\\u043d\\u0438\\u0435\"]}}]"}}, {"model": "admin.logentry", "pk": 18, "fields": {"action_time": "2022-02-06T19:38:01.654Z", "user": 1, "content_type": 11, "object_id": "9", "object_repr": "еда для собак", "action_flag": 2, "change_message": "[{\"changed\": {\"fields\": [\"\\u0418\\u0437\\u043e\\u0431\\u0440\\u0430\\u0436\\u0435\\u043d\\u0438\\u0435\"]}}]"}}, {"model": "admin.logentry", "pk": 19, "fields": {"action_time": "2022-02-06T19:38:12.544Z", "user": 1, "content_type": 11, "object_id": "8", "object_repr": "еда для коня", "action_flag": 2, "change_message": "[{\"changed\": {\"fields\": [\"\\u0418\\u0437\\u043e\\u0431\\u0440\\u0430\\u0436\\u0435\\u043d\\u0438\\u0435\"]}}]"}}, {"model": "admin.logentry", "pk": 20, "fields": {"action_time": "2022-02-06T19:38:23.050Z", "user": 1, "content_type": 11, "object_id": "7", "object_repr": "жаренная картошка", "action_flag": 2, "change_message": "[{\"changed\": {\"fields\": [\"\\u0418\\u0437\\u043e\\u0431\\u0440\\u0430\\u0436\\u0435\\u043d\\u0438\\u0435\"]}}]"}}, {"model": "admin.logentry", "pk": 21, "fields": {"action_time": "2022-02-06T19:38:34.775Z", "user": 1, "content_type": 11, "object_id": "6", "object_repr": "Оборотное зелье", "action_flag": 2, "change_message": "[{\"changed\": {\"fields\": [\"\\u0418\\u0437\\u043e\\u0431\\u0440\\u0430\\u0436\\u0435\\u043d\\u0438\\u0435\"]}}]"}}, {"model": "admin.logentry", "pk": 22, "fields": {"action_time": "2022-02-06T19:38:49.647Z", "user": 1, "content_type": 11, "object_id": "5", "object_repr": "Борщ", "action_flag": 2, "change_message": "[{\"changed\": {\"fields\": [\"\\u0418\\u0437\\u043e\\u0431\\u0440\\u0430\\u0436\\u0435\\u043d\\u0438\\u0435\"]}}]"}}, {"model": "admin.logentry", "pk": 23, "fields": {"action_time": "2022-02-06T19:39:09.631Z", "user": 1, "content_type": 11, "object_id": "4", "object_repr": "бутерброд с икрой", "action_flag": 2, "change_message": "[{\"changed\": {\"fields\": [\"\\u0418\\u0437\\u043e\\u0431\\u0440\\u0430\\u0436\\u0435\\u043d\\u0438\\u0435\"]}}]"}}, {"model": "admin.logentry", "pk": 24, "fields": {"action_time": "2022-02-06T19:39:19.082Z", "user": 1, "content_type": 11, "object_id": "3", "object_repr": "драники", "action_flag": 2, "change_message": "[{\"changed\": {\"fields\": [\"\\u0418\\u0437\\u043e\\u0431\\u0440\\u0430\\u0436\\u0435\\u043d\\u0438\\u0435\"]}}]"}}, {"model": "admin.logentry", "pk": 25, "fields": {"action_time": "2022-02-06T19:39:32.825Z", "user": 1, "content_type": 11, "object_id": "2", "object_repr": "Эчпочмак", "action_flag": 2, "change_message": "[{\"changed\": {\"fields\": [\"\\u0418\\u0437\\u043e\\u0431\\u0440\\u0430\\u0436\\u0435\\u043d\\u0438\\u0435\"]}}]"}}, {"model": "admin.logentry", "pk": 26, "fields": {"action_time": "2022-02-06T19:39:49.613Z", "user": 1, "content_type": 11, "object_id": "1", "object_repr": "Перепечи", "action_flag": 2, "change_message": "[{\"changed\": {\"fields\": [\"\\u0418\\u0437\\u043e\\u0431\\u0440\\u0430\\u0436\\u0435\\u043d\\u0438\\u0435\"]}}]"}}, {"model": "admin.logentry", "pk": 27, "fields": {"action_time": "2022-02-08T12:12:46.799Z", "user": 1, "content_type": 8, "object_id": "4", "object_repr": "harrypotter", "action_flag": 2, "change_message": "[{\"changed\": {\"fields\": [\"Password\"]}}]"}}, {"model": "admin.logentry", "pk": 28, "fields": {"action_time": "2022-02-08T12:23:19.265Z", "user": 1, "content_type": 8, "object_id": "3", "object_repr": "svetka", "action_flag": 2, "change_message": "[{\"changed\": {\"fields\": [\"Password\"]}}]"}}, {"model": "admin.logentry", "pk": 29, "fields": {"action_time": "2022-02-08T13:04:08.070Z", "user": 1, "content_type": 11, "object_id": "17", "object_repr": "еда для дельфина", "action_flag": 2, "change_message": "[{\"changed\": {\"fields\": [\"\\u0410\\u0432\\u0442\\u043e\\u0440\"]}}]"}}, {"model": "auth.permission", "pk": 1, "fields": {"name": "Can add log entry", "content_type": 1, "codename": "add_logentry"}}, {"model": "auth.permission", "pk": 2, "fields": {"name": "Can change log entry", "content_type": 1, "codename": "change_logentry"}}, {"model": "auth.permission", "pk": 3, "fields": {"name": "Can delete log entry", "content_type": 1, "codename": "delete_logentry"}}, {"model": "auth.permission", "pk": 4, "fields": {"name": "Can view log entry", "content_type": 1, "codename": "view_logentry"}}, {"model": "auth.permission", "pk": 5, "fields": {"name": "Can add permission", "content_type": 2, "codename": "add_permission"}}, {"model": "auth.permission", "pk": 6, "fields": {"name": "Can change permission", "content_type": 2, "codename": "change_permission"}}, {"model": "auth.permission", "pk": 7, "fields": {"name": "Can delete permission", "content_type": 2, "codename": "delete_permission"}}, {"model": "auth.permission", "pk": 8, "fields": {"name": "Can view permission", "content_type": 2, "codename": "view_permission"}}, {"model": "auth.permission", "pk": 9, "fields": {"name": "Can add group", "content_type": 3, "codename": "add_group"}}, {"model": "auth.permission", "pk": 10, "fields": {"name": "Can change group", "content_type": 3, "codename": "change_group"}}, {"model": "auth.permission", "pk": 11, "fields": {"name": "Can delete group", "content_type": 3, "codename": "delete_group"}}, {"model": "auth.permission", "pk": 12, "fields": {"name": "Can view group", "content_type": 3, "codename": "view_group"}}, {"model": "auth.permission", "pk": 13, "fields": {"name": "Can add content type", "content_type": 4, "codename": "add_contenttype"}}, {"model": "auth.permission", "pk": 14, "fields": {"name": "Can change content type", "content_type": 4, "codename": "change_contenttype"}}, {"model": "auth.permission", "pk": 15, "fields": {"name": "Can delete content type", "content_type": 4, "codename": "delete_contenttype"}}, {"model": "auth.permission", "pk": 16, "fields": {"name": "Can view content type", "content_type": 4, "codename": "view_contenttype"}}, {"model": "auth.permission", "pk": 17, "fields": {"name": "Can add session", "content_type": 5, "codename": "add_session"}}, {"model": "auth.permission", "pk": 18, "fields": {"name": "Can change session", "content_type": 5, "codename": "change_session"}}, {"model": "auth.permission", "pk": 19, "fields": {"name": "Can delete session", "content_type": 5, "codename": "delete_session"}}, {"model": "auth.permission", "pk": 20, "fields": {"name": "Can view session", "content_type": 5, "codename": "view_session"}}, {"model": "auth.permission", "pk": 21, "fields": {"name": "Can add Token", "content_type": 6, "codename": "add_token"}}, {"model": "auth.permission", "pk": 22, "fields": {"name": "Can change Token", "content_type": 6, "codename": "change_token"}}, {"model": "auth.permission", "pk": 23, "fields": {"name": "Can delete Token", "content_type": 6, "codename": "delete_token"}}, {"model": "auth.permission", "pk": 24, "fields": {"name": "Can view Token", "content_type": 6, "codename": "view_token"}}, {"model": "auth.permission", "pk": 25, "fields": {"name": "Can add token", "content_type": 7, "codename": "add_tokenproxy"}}, {"model": "auth.permission", "pk": 26, "fields": {"name": "Can change token", "content_type": 7, "codename": "change_tokenproxy"}}, {"model": "auth.permission", "pk": 27, "fields": {"name": "Can delete token", "content_type": 7, "codename": "delete_tokenproxy"}}, {"model": "auth.permission", "pk": 28, "fields": {"name": "Can view token", "content_type": 7, "codename": "view_tokenproxy"}}, {"model": "auth.permission", "pk": 29, "fields": {"name": "Can add user", "content_type": 8, "codename": "add_user"}}, {"model": "auth.permission", "pk": 30, "fields": {"name": "Can change user", "content_type": 8, "codename": "change_user"}}, {"model": "auth.permission", "pk": 31, "fields": {"name": "Can delete user", "content_type": 8, "codename": "delete_user"}}, {"model": "auth.permission", "pk": 32, "fields": {"name": "Can view user", "content_type": 8, "codename": "view_user"}}, {"model": "auth.permission", "pk": 33, "fields": {"name": "Can add Ингредиент", "content_type": 9, "codename": "add_ingredient"}}, {"model": "auth.permission", "pk": 34, "fields": {"name": "Can change Ингредиент", "content_type": 9, "codename": "change_ingredient"}}, {"model": "auth.permission", "pk": 35, "fields": {"name": "Can delete Ингредиент", "content_type": 9, "codename": "delete_ingredient"}}, {"model": "auth.permission", "pk": 36, "fields": {"name": "Can view Ингредиент", "content_type": 9, "codename": "view_ingredient"}}, {"model": "auth.permission", "pk": 37, "fields": {"name": "Can add Ингредиент", "content_type": 10, "codename": "add_ingredientamount"}}, {"model": "auth.permission", "pk": 38, "fields": {"name": "Can change Ингредиент", "content_type": 10, "codename": "change_ingredientamount"}}, {"model": "auth.permission", "pk": 39, "fields": {"name": "Can delete Ингредиент", "content_type": 10, "codename": "delete_ingredientamount"}}, {"model": "auth.permission", "pk": 40, "fields": {"name": "Can view Ингредиент", "content_type": 10, "codename": "view_ingredientamount"}}, {"model": "auth.permission", "pk": 41, "fields": {"name": "Can add Рецепт", "content_type": 11, "codename": "add_recipe"}}, {"model": "auth.permission", "pk": 42, "fields": {"name": "Can change Рецепт", "content_type": 11, "codename": "change_recipe"}}, {"model": "auth.permission", "pk": 43, "fields": {"name": "Can delete Рецепт", "content_type": 11, "codename": "delete_recipe"}}, {"model": "auth.permission", "pk": 44, "fields": {"name": "Can view Рецепт", "content_type": 11, "codename": "view_recipe"}}, {"model": "auth.permission", "pk": 45, "fields": {"name": "Can add Тэг", "content_type": 12, "codename": "add_tag"}}, {"model": "auth.permission", "pk": 46, "fields": {"name": "Can change Тэг", "content_type": 12, "codename": "change_tag"}}, {"model": "auth.permission", "pk": 47, "fields": {"name": "Can delete Тэг", "content_type": 12, "codename": "delete_tag"}}, {"model": "auth.permission", "pk": 48, "fields": {"name": "Can view Тэг", "content_type": 12, "codename": "view_tag"}}, {"model": "auth.permission", "pk": 49, "fields": {"name": "Can add Подписка", "content_type": 13, "codename": "add_follow"}}, {"model": "auth.permission", "pk": 50, "fields": {"name": "Can change Подписка", "content_type": 13, "codename": "change_follow"}}, {"model": "auth.permission", "pk": 51, "fields": {"name": "Can delete Подписка", "content_type": 13, "codename": "delete_follow"}}, {"model": "auth.permission", "pk": 52, "fields": {"name": "Can view Подписка", "content_type": 13, "codename": "view_follow"}}, {"model": "auth.permission", "pk": 53, "fields": {"name": "Can add Избранное", "content_type": 14, "codename": "add_favorite"}}, {"model": "auth.permission", "pk": 54, "fields": {"name": "Can change Избранное", "content_type": 14, "codename": "change_favorite"}}, {"model": "auth.permission", "pk": 55, "fields": {"name": "Can delete Избранное", "content_type": 14, "codename": "delete_favorite"}}, {"model": "auth.permission", "pk": 56, "fields": {"name": "Can view Избранное", "content_type": 14, "codename": "view_favorite"}}, {"model": "auth.permission", "pk": 57, "fields": {"name": "Can add Корзина покупок", "content_type": 15, "codename": "add_shoppingcart"}}, {"model": "auth.permission", "pk": 58, "fields": {"name": "Can change Корзина покупок", "content_type": 15, "codename": "change_shoppingcart"}}, {"model": "auth.permission", "pk": 59, "fields": {"name": "Can delete Корзина покупок", "content_type": 15, "codename": "delete_shoppingcart"}}, {"model": "auth.permission", "pk": 60, "fields": {"name": "Can view Корзина покупок", "content_type": 15, "codename": "view_shoppingcart"}}, {"model": "contenttypes.contenttype", "pk": 1, "fields": {"app_label": "admin", "model": "logentry"}}, {"model": "contenttypes.contenttype", "pk": 2, "fields": {"app_label": "auth", "model": "permission"}}, {"model": "contenttypes.contenttype", "pk": 3, "fields": {"app_label": "auth", "model": "group"}}, {"model": "contenttypes.contenttype", "pk": 4, "fields": {"app_label": "contenttypes", "model": "contenttype"}}, {"model": "contenttypes.contenttype", "pk": 5, "fields": {"app_label": "sessions", "model": "session"}}, {"model": "contenttypes.contenttype", "pk": 6, "fields": {"app_label": "authtoken", "model": "token"}}, {"model": "contenttypes.contenttype", "pk": 7, "fields": {"app_label": "authtoken", "model": "tokenproxy"}}, {"model": "contenttypes.contenttype", "pk": 8, "fields": {"app_label": "recipes", "model": "user"}}, {"model": "contenttypes.contenttype", "pk": 9, "fields": {"app_label": "recipes", "model": "ingredient"}}, {"model": "contenttypes.contenttype", "pk": 10, "fields": {"app_label": "recipes", "model": "ingredientamount"}}, {"model": "contenttypes.contenttype", "pk": 11, "fields": {"app_label": "recipes", "model": "recipe"}}, {"model": "contenttypes.contenttype", "pk": 12, "fields": {"app_label": "recipes", "model": "tag"}}, {"model": "contenttypes.contenttype", "pk": 13, "fields": {"app_label": "recipes", "model": "follow"}}, {"model": "contenttypes.contenttype", "pk": 14, "fields": {"app_label": "recipes", "model": "favorite"}}, {"model": "contenttypes.contenttype", "pk": 15, "fields": {"app_label": "recipes", "model": "shoppingcart"}}, {"model": "sessions.session", "pk": "aiyds9o52azvpo5hxxmose21zkyp8n3c", "fields": {"session_data": ".eJxVjMsOgjAQRf-la9OkDGWoS_d-A5kXgpo2obAy_ruSsNDtPefclxtoW6dhq7YMs7qzC-70uzHJw_IO9E75VryUvC4z-13xB63-WtSel8P9O5ioTt8amhFD7E0B0bhpIiSyVpMhxoQdMxNEJQltR6CURokagIWAMfW9uPcH5tU4cA:1nHPJM:odwZkaWqmf9CB33h7uVVkOoY7NFZG8ZQfP9pcx-GjZ8", "expire_date": "2022-02-22T12:09:32.240Z"}}, {"model": "sessions.session", "pk": "d0a3wpoj7i6m1x7ndp5d3rpvv98w7la3", "fields": {"session_data": ".eJxVjMsOgjAQRf-la9OkDGWoS_d-A5kXgpo2obAy_ruSsNDtPefclxtoW6dhq7YMs7qzC-70uzHJw_IO9E75VryUvC4z-13xB63-WtSel8P9O5ioTt8amhFD7E0B0bhpIiSyVpMhxoQdMxNEJQltR6CURokagIWAMfW9uPcH5tU4cA:1nGmwU:S3RN75h8zHZ8XU1ZDIleagHpokCWe05emLHfuIDnAjI", "expire_date": "2022-02-20T19:11:22.850Z"}}, {"model": "sessions.session", "pk": "v24kx9s89wqp2ngtiawxjaptcthyebxf", "fields": {"session_data": ".eJxVjMsOgjAQRf-la9OkDGWoS_d-A5kXgpo2obAy_ruSsNDtPefclxtoW6dhq7YMs7qzC-70uzHJw_IO9E75VryUvC4z-13xB63-WtSel8P9O5ioTt8amhFD7E0B0bhpIiSyVpMhxoQdMxNEJQltR6CURokagIWAMfW9uPcH5tU4cA:1nGQ2a:UYOp_aTCks2PGd9nNxPzy6QqpIX-2MWjBMiUxZLewHg", "expire_date": "2022-02-19T18:44:08.360Z"}}, {"model": "authtoken.token", "pk": "dd54fce08194d25f20a4d698407547d2664354d2", "fields": {"user": 5, "created": "2022-02-08T13:12:12.987Z"}}, {"model": "recipes.user", "pk": 1, "fields": {"password": "pbkdf2_sha256$320000$zgxkHXBHecwgpEbNgG3Rbb$E0OR0sm3GEt3G8f49HIreifzpQIDgaxX1gNIuMYXwXs=", "last_login": "2022-02-08T12:09:32.236Z", "is_superuser": true, "username": "admin", "first_name": "admin", "last_name": "admin", "email": "admin@adm.in", "is_staff": true, "is_active": true, "date_joined": "2022-02-05T18:43:19.717Z", "groups": [], "user_permissions": []}}, {"model": "recipes.user", "pk": 2, "fields": {"password": "pbkdf2_sha256$320000$29jZeqWxjrBbgF0e5mfHYq$go2AmbB36g4fvoJRdZ/wBLyZ/cdoR1ro8ZFipaGNQ2E=", "last_login": "2022-02-08T12:49:44.019Z", "is_superuser": false, "username": "squishee", "first_name": "Володя", "last_name": "В Шортах", "email": "squishee@squis.hee", "is_staff": false, "is_active": true, "date_joined": "2022-02-05T18:47:28.725Z", "groups": [], "user_permissions": []}}, {"model": "recipes.user", "pk": 3, "fields": {"password": "pbkdf2_sha256$320000$29jZeqWxjrBbgF0e5mfHYq$go2AmbB36g4fvoJRdZ/wBLyZ/cdoR1ro8ZFipaGNQ2E=", "last_login": "2022-02-08T12:23:41.588Z", "is_superuser": false, "username": "svetka", "first_name": "Светка", "last_name": "Пипетка", "email": "svetka@svet.ka", "is_staff": false, "is_active": true, "date_joined": "2022-02-05T18:56:50Z", "groups": [], "user_permissions": []}}, {"model": "recipes.user", "pk": 4, "fields": {"password": "pbkdf2_sha256$320000$29jZeqWxjrBbgF0e5mfHYq$go2AmbB36g4fvoJRdZ/wBLyZ/cdoR1ro8ZFipaGNQ2E=", "last_login": "2022-02-08T12:42:03.510Z", "is_superuser": false, "username": "harrypotter", "first_name": "Гарри", "last_name": "Поттер", "email": "harry@pot.ter", "is_staff": false, "is_active": true, "date_joined": "2022-02-05T18:57:20Z", "groups": [], "user_permissions": []}}, {"model": "recipes.user", "pk": 5, "fields": {"password": "pbkdf2_sha256$320000$OWaGhshinRaiRwbepclIW0$sfVPiWgIJsCSPPATCNuC7/KYGgk5Yo291xWKZXKiCm4=", "last_login": "2022-02-08T13:12:12.996Z", "is_superuser": false, "username": "horse", "first_name": "Конь", "last_name": "В Пальто", "email": "horse@hor.se", "is_staff": false, "is_active": true, "date_joined": "2022-02-05T20:36:29.844Z", "groups": [], "user_permissions": []}}, {"model": "recipes.follow", "pk": 1, "fields": {"user": 2, "following": 3}}, {"model": "recipes.follow", "pk": 2, "fields": {"user": 2, "following": 4}}, {"model": "recipes.follow", "pk": 3, "fields": {"user": 5, "following": 3}}, {"model": "recipes.follow", "pk": 4, "fields": {"user": 5, "following": 2}}, {"model": "recipes.follow", "pk": 5, "fields": {"user": 5, "following": 4}}, {"model": "recipes.tag", "pk": 1, "fields": {"name": "завтрак", "color": "#009F50", "slug": "breakfast"}}, {"model": "recipes.tag", "pk": 2, "fields": {"name": "обед", "color": "#CF2B2B", "slug": "lunch"}}, {"model": "recipes.tag", "pk": 3, "fields": {"name": "полдник", "color": "#96A133", "slug": "afternoon"}}, {"model": "recipes.tag", "pk": 4, "fields": {"name": "ужин", "color": "#4051D4", "slug": "dinner"}}, {"model": "recipes.recipe", "pk": 1, "fields": {"author": 2, "name": "Перепечи", "image": "images/image-1.jpg", "text": "Перепечи - это удмуртское национальное блюдо. Называются они так, потому что их пекут перед печью перед огнём.", "cooking_time": 120, "pub_date": "2022-02-05T19:19:45.494Z", "tags": [3, 4]}}, {"model": "recipes.recipe", "pk": 2, "fields": {"author": 2, "name": "Эчпочмак", "image": "images/image-2.jpg", "text": "Вкуснейшие пирожки с фаршем и картошкой, объедение! Эчпочмак - знаменитое блюдо татарской и башкирской кухни. Приготовить его дома очень просто. Самое главное - это треугольная форма и сочная мясная начинка с бульоном.", "cooking_time": 100, "pub_date": "2022-02-05T19:19:45.494Z", "tags": [2, 3]}}, {"model": "recipes.recipe", "pk": 3, "fields": {"author": 2, "name": "драники", "image": "images/image-3.jpg", "text": "Традиционное белорусское блюдо", "cooking_time": 60, "pub_date": "2022-02-05T19:19:45.494Z", "tags": [1, 4]}}, {"model": "recipes.recipe", "pk": 4, "fields": {"author": 3, "name": "бутерброд с икрой", "image": "images/image-4.jpeg", "text": "Незаменимый гость на новогоднем столе", "cooking_time": 3, "pub_date": "2022-02-05T19:19:45.494Z", "tags": [1, 4]}}, {"model": "recipes.recipe", "pk": 5, "fields": {"author": 3, "name": "Борщ", "image": "images/image-5.jpg", "text": "Борщ - лучший суп", "cooking_time": 140, "pub_date": "2022-02-05T19:19:45.494Z", "tags": [2]}}, {"model": "recipes.recipe", "pk": 6, "fields": {"author": 4, "name": "Оборотное зелье", "image": "images/image-6.jpg", "text": "Оборотное зелье (англ. Polyjuice Potion) — зелье, при помощи которого можно превратиться в определённого человека на некоторое время. Для этого в готовое зелье перед употреблением надо добавить частички того, в кого хочешь превратиться (волосы, ногти и т. д., но обычно используются волосы). Можно превратиться только в человека, который на момент употребления зелья жив, и ни в коем случае не в животное.", "cooking_time": 500, "pub_date": "2022-02-05T19:19:45.494Z", "tags": [1, 2, 3, 4]}}, {"model": "recipes.recipe", "pk": 7, "fields": {"author": 3, "name": "жаренная картошка", "image": "images/image-7.jpg", "text": "Отличная еда на все случаи жизни", "cooking_time": 20, "pub_date": "2022-02-05T19:22:29.737Z", "tags": [4]}}, {"model": "recipes.recipe", "pk": 8, "fields": {"author": 5, "name": "еда для коня", "image": "images/image-8.jpg", "text": "Кони очень это любят", "cooking_time": 10, "pub_date": "2022-02-05T20:39:43.851Z", "tags": [2]}}, {"model": "recipes.recipe", "pk": 9, "fields": {"author": 5, "name": "еда для собак", "image": "images/image-9.jpg", "text": "лучшая еда для ваших мохнатых любимцев", "cooking_time": 380, "pub_date": "2022-02-06T19:15:30.217Z", "tags": [2, 4]}}, {"model": "recipes.recipe", "pk": 10, "fields": {"author": 4, "name": "Приворотное зелье", "image": "images/image-10.jpg", "text": "Многие из приворотных зелий отличаются возбуждающим действием, так как в их составе есть афродизиаки и прочие компоненты, обладающие стимулирующим эффектом. В их числе, корень травы заманихи либо имбирь.\n\nСледовательно, такие зелья нельзя давать мужчинам, у которых проблемы с психикой, есть аллергия на один или несколько компонентов, чрезмерная возбудимость, агрессивность либо высокая температура. А еще большой объем зелья может спровоцировать бессонницу.", "cooking_time": 777, "pub_date": "2022-02-08T12:17:22.800Z", "tags": [1]}}, {"model": "recipes.recipe", "pk": 11, "fields": {"author": 5, "name": "еда для кота", "image": "images/image-11.jpg", "text": "Лучшая еда для вашего ненасытного мохнатого ублюдка!", "cooking_time": 14, "pub_date": "2022-02-08T12:22:36.760Z", "tags": [1, 3]}}, {"model": "recipes.recipe", "pk": 12, "fields": {"author": 3, "name": "чашка кофе", "image": "images/image-12.jpg", "text": "Нет ничего лучше утром, чем чашечка свежесваренного кофе!", "cooking_time": 5, "pub_date": "2022-02-08T12:35:46.495Z", "tags": [1]}}, {"model": "recipes.recipe", "pk": 13, "fields": {"author": 4, "name": "Феликс Фелицис", "image": "images/image-13.jpg", "text": "Феликс Фелицис (англ. Felix Felicis, зелье, называемое также просто «Феликс» или «Зелье удачи», «Жидкая удача») — в высшей степени сложный по составу и приготовлению напиток. Правильно сваренный, он приносит выпившему удачу во всех начинаниях. Зелье запрещено к применению во время спортивных состязаний, экзаменов и выборов. Изобретатель Феликса Зигмунт Бадж называет его самым великим своим творением.", "cooking_time": 1439, "pub_date": "2022-02-08T12:45:39.741Z", "tags": [3]}}, {"model": "recipes.recipe", "pk": 14, "fields": {"author": 2, "name": "шашлык из баранины", "image": "images/image-14.jpg", "text": "Как пожарить шашлык из баранины\nНанижите мясо на шампуры или положите на решётку. Располагайте кусочки не слишком близко друг к другу, чтобы они могли прожариться со всех сторон.\n\nКогда угли покроются белым пеплом, выложите мясо на мангал. Переворачивайте мясо каждые 2–3 минуты.", "cooking_time": 120, "pub_date": "2022-02-08T12:58:05.304Z", "tags": [4]}}, {"model": "recipes.recipe", "pk": 15, "fields": {"author": 2, "name": "Доширак", "image": "images/image-15.jpg", "text": "Еда на каждый день!", "cooking_time": 5, "pub_date": "2022-02-08T13:00:12.538Z", "tags": [2]}}, {"model": "recipes.recipe", "pk": 16, "fields": {"author": 2, "name": "хлопья с молоком", "image": "images/image-16.jpg", "text": "Отличный завтрак", "cooking_time": 3, "pub_date": "2022-02-08T13:01:48.596Z", "tags": [1]}}, {"model": "recipes.recipe", "pk": 17, "fields": {"author": 5, "name": "еда для дельфина", "image": "images/image-17.jpg", "text": "Дельфины это любят!", "cooking_time": 2, "pub_date": "2022-02-08T13:03:43.855Z", "tags": [1, 2, 3, 4]}}, {"model": "recipes.recipe", "pk": 18, "fields": {"author": 2, "name": "хлеб с майонезом", "image": "images/image-18.jfif", "text": "Когда нет денег...", "cooking_time": 1, "pub_date": "2022-02-08T13:08:04.427Z", "tags": [3]}}, {"model": "recipes.recipe", "pk": 19, "fields": {"author": 2, "name": "сон", "image": "images/image-19.jpg", "text": "Сон заменяет еду", "cooking_time": 480, "pub_date": "2022-02-08T13:11:44.515Z", "tags": [1, 4]}}, {"model": "recipes.recipe", "pk": 20, "fields": {"author": 5, "name": "еда для попугая", "image": "images/image-20.jpeg", "text": "Ваш попугай будет рад", "cooking_time": 22, "pub_date": "2022-02-08T13:16:39.568Z", "tags": [2, 3]}}, {"model": "recipes.ingredientamount", "pk": 1, "fields": {"ingredient": 1436, "amount": 100, "recipe": 1}}, {"model": "recipes.ingredientamount", "pk": 2, "fields": {"ingredient": 1081, "amount": 250, "recipe": 1}}, {"model": "recipes.ingredientamount", "pk": 3, "fields": {"ingredient": 252, "amount": 200, "recipe": 1}}, {"model": "recipes.ingredientamount", "pk": 4, "fields": {"ingredient": 1916, "amount": 300, "recipe": 1}}, {"model": "recipes.ingredientamount", "pk": 5, "fields": {"ingredient": 2182, "amount": 200, "recipe": 1}}, {"model": "recipes.ingredientamount", "pk": 6, "fields": {"ingredient": 1420, "amount": 50, "recipe": 1}}, {"model": "recipes.ingredientamount", "pk": 7, "fields": {"ingredient": 520, "amount": 200, "recipe": 1}}, {"model": "recipes.ingredientamount", "pk": 8, "fields": {"ingredient": 1081, "amount": 500, "recipe": 2}}, {"model": "recipes.ingredientamount", "pk": 9, "fields": {"ingredient": 103, "amount": 500, "recipe": 2}}, {"model": "recipes.ingredientamount", "pk": 10, "fields": {"ingredient": 1032, "amount": 200, "recipe": 2}}, {"model": "recipes.ingredientamount", "pk": 11, "fields": {"ingredient": 2182, "amount": 100, "recipe": 2}}, {"model": "recipes.ingredientamount", "pk": 12, "fields": {"ingredient": 886, "amount": 100, "recipe": 2}}, {"model": "recipes.ingredientamount", "pk": 13, "fields": {"ingredient": 556, "amount": 100, "recipe": 2}}, {"model": "recipes.ingredientamount", "pk": 14, "fields": {"ingredient": 556, "amount": 1000, "recipe": 3}}, {"model": "recipes.ingredientamount", "pk": 15, "fields": {"ingredient": 1081, "amount": 150, "recipe": 3}}, {"model": "recipes.ingredientamount", "pk": 16, "fields": {"ingredient": 2182, "amount": 200, "recipe": 3}}, {"model": "recipes.ingredientamount", "pk": 17, "fields": {"ingredient": 886, "amount": 80, "recipe": 3}}, {"model": "recipes.ingredientamount", "pk": 18, "fields": {"ingredient": 1990, "amount": 100, "recipe": 4}}, {"model": "recipes.ingredientamount", "pk": 19, "fields": {"ingredient": 449, "amount": 10, "recipe": 4}}, {"model": "recipes.ingredientamount", "pk": 20, "fields": {"ingredient": 1647, "amount": 20, "recipe": 4}}, {"model": "recipes.ingredientamount", "pk": 21, "fields": {"ingredient": 1568, "amount": 300, "recipe": 5}}, {"model": "recipes.ingredientamount", "pk": 22, "fields": {"ingredient": 556, "amount": 300, "recipe": 5}}, {"model": "recipes.ingredientamount", "pk": 23, "fields": {"ingredient": 886, "amount": 100, "recipe": 5}}, {"model": "recipes.ingredientamount", "pk": 24, "fields": {"ingredient": 278, "amount": 500, "recipe": 5}}, {"model": "recipes.ingredientamount", "pk": 25, "fields": {"ingredient": 252, "amount": 3000, "recipe": 5}}, {"model": "recipes.ingredientamount", "pk": 26, "fields": {"ingredient": 520, "amount": 300, "recipe": 5}}, {"model": "recipes.ingredientamount", "pk": 27, "fields": {"ingredient": 1855, "amount": 50, "recipe": 5}}, {"model": "recipes.ingredientamount", "pk": 28, "fields": {"ingredient": 257, "amount": 200, "recipe": 6}}, {"model": "recipes.ingredientamount", "pk": 29, "fields": {"ingredient": 1750, "amount": 35, "recipe": 6}}, {"model": "recipes.ingredientamount", "pk": 30, "fields": {"ingredient": 1889, "amount": 68, "recipe": 6}}, {"model": "recipes.ingredientamount", "pk": 31, "fields": {"ingredient": 641, "amount": 1, "recipe": 6}}, {"model": "recipes.ingredientamount", "pk": 32, "fields": {"ingredient": 9, "amount": 18, "recipe": 6}}, {"model": "recipes.ingredientamount", "pk": 33, "fields": {"ingredient": 556, "amount": 500, "recipe": 7}}, {"model": "recipes.ingredientamount", "pk": 34, "fields": {"ingredient": 1335, "amount": 50, "recipe": 7}}, {"model": "recipes.ingredientamount", "pk": 35, "fields": {"ingredient": 1685, "amount": 15, "recipe": 7}}, {"model": "recipes.ingredientamount", "pk": 36, "fields": {"ingredient": 1306, "amount": 500, "recipe": 8}}, {"model": "recipes.ingredientamount", "pk": 37, "fields": {"ingredient": 2187, "amount": 300, "recipe": 8}}, {"model": "recipes.ingredientamount", "pk": 38, "fields": {"ingredient": 2139, "amount": 3000, "recipe": 8}}, {"model": "recipes.ingredientamount", "pk": 39, "fields": {"ingredient": 1102, "amount": 500, "recipe": 9}}, {"model": "recipes.ingredientamount", "pk": 40, "fields": {"ingredient": 691, "amount": 1000, "recipe": 9}}, {"model": "recipes.ingredientamount", "pk": 41, "fields": {"ingredient": 86, "amount": 500, "recipe": 9}}, {"model": "recipes.ingredientamount", "pk": 42, "fields": {"ingredient": 266, "amount": 15, "recipe": 10}}, {"model": "recipes.ingredientamount", "pk": 43, "fields": {"ingredient": 2016, "amount": 3, "recipe": 10}}, {"model": "recipes.ingredientamount", "pk": 44, "fields": {"ingredient": 640, "amount": 18, "recipe": 10}}, {"model": "recipes.ingredientamount", "pk": 45, "fields": {"ingredient": 1029, "amount": 12, "recipe": 10}}, {"model": "recipes.ingredientamount", "pk": 46, "fields": {"ingredient": 1032, "amount": 200, "recipe": 11}}, {"model": "recipes.ingredientamount", "pk": 47, "fields": {"ingredient": 1491, "amount": 500, "recipe": 11}}, {"model": "recipes.ingredientamount", "pk": 48, "fields": {"ingredient": 1138, "amount": 100, "recipe": 11}}, {"model": "recipes.ingredientamount", "pk": 49, "fields": {"ingredient": 694, "amount": 1, "recipe": 12}}, {"model": "recipes.ingredientamount", "pk": 50, "fields": {"ingredient": 252, "amount": 200, "recipe": 12}}, {"model": "recipes.ingredientamount", "pk": 51, "fields": {"ingredient": 2184, "amount": 44, "recipe": 13}}, {"model": "recipes.ingredientamount", "pk": 52, "fields": {"ingredient": 193, "amount": 87, "recipe": 13}}, {"model": "recipes.ingredientamount", "pk": 53, "fields": {"ingredient": 1380, "amount": 12, "recipe": 13}}, {"model": "recipes.ingredientamount", "pk": 54, "fields": {"ingredient": 503, "amount": 6, "recipe": 13}}, {"model": "recipes.ingredientamount", "pk": 55, "fields": {"ingredient": 103, "amount": 1500, "recipe": 14}}, {"model": "recipes.ingredientamount", "pk": 56, "fields": {"ingredient": 886, "amount": 200, "recipe": 14}}, {"model": "recipes.ingredientamount", "pk": 57, "fields": {"ingredient": 1896, "amount": 50, "recipe": 14}}, {"model": "recipes.ingredientamount", "pk": 58, "fields": {"ingredient": 1685, "amount": 5, "recipe": 14}}, {"model": "recipes.ingredientamount", "pk": 59, "fields": {"ingredient": 1247, "amount": 1, "recipe": 14}}, {"model": "recipes.ingredientamount", "pk": 60, "fields": {"ingredient": 825, "amount": 44, "recipe": 15}}, {"model": "recipes.ingredientamount", "pk": 61, "fields": {"ingredient": 1364, "amount": 1, "recipe": 15}}, {"model": "recipes.ingredientamount", "pk": 62, "fields": {"ingredient": 1685, "amount": 2, "recipe": 15}}, {"model": "recipes.ingredientamount", "pk": 63, "fields": {"ingredient": 609, "amount": 300, "recipe": 15}}, {"model": "recipes.ingredientamount", "pk": 64, "fields": {"ingredient": 2006, "amount": 1, "recipe": 16}}, {"model": "recipes.ingredientamount", "pk": 65, "fields": {"ingredient": 1032, "amount": 300, "recipe": 16}}, {"model": "recipes.ingredientamount", "pk": 66, "fields": {"ingredient": 1491, "amount": 500, "recipe": 17}}, {"model": "recipes.ingredientamount", "pk": 67, "fields": {"ingredient": 710, "amount": 500, "recipe": 17}}, {"model": "recipes.ingredientamount", "pk": 68, "fields": {"ingredient": 1031, "amount": 350, "recipe": 17}}, {"model": "recipes.ingredientamount", "pk": 69, "fields": {"ingredient": 1990, "amount": 30, "recipe": 18}}, {"model": "recipes.ingredientamount", "pk": 70, "fields": {"ingredient": 899, "amount": 15, "recipe": 18}}, {"model": "recipes.ingredientamount", "pk": 71, "fields": {"ingredient": 255, "amount": 100, "recipe": 19}}, {"model": "recipes.ingredientamount", "pk": 72, "fields": {"ingredient": 441, "amount": 12, "recipe": 20}}, {"model": "recipes.ingredientamount", "pk": 73, "fields": {"ingredient": 1441, "amount": 14, "recipe": 20}}, {"model": "recipes.ingredientamount", "pk": 74, "fields": {"ingredient": 949, "amount": 35, "recipe": 20}}, {"model": "recipes.ingredientamount", "pk": 75, "fields": {"ingredient": 7, "amount": 1, "recipe": 20}}, {"model": "recipes.favorite", "pk": 1, "fields": {"user": 2, "recipes": [4, 6]}}, {"model": "recipes.favorite", "pk": 2, "fields": {"user": 5, "recipes": [8, 7, 3]}}, {"model": "recipes.favorite", "pk": 3, "fields": {"user": 4, "recipes": []}}, {"model": "recipes.favorite", "pk": 4, "fields": {"user": 3, "recipes": []}}, {"model": "recipes.shoppingcart", "pk": 1, "fields": {"user": 2, "recipes": [2]}}, {"model": "recipes.shoppingcart", "pk": 2, "fields": {"user": 5, "recipes": [8, 7, 2]}}, {"model": "recipes.shoppingcart", "pk": 3, "fields": {"user": 4, "recipes": []}}, {"model": "recipes.shoppingcart", "pk": 4, "fields": {"user": 3, "recipes": []}}]